,t,a3_L2_error,b2_L2_error
0,0.0,6.346180091446033,6.346180091446033
1,0.01,5.2747238813139425,9.51621312132941
